2024-05-17_10-06-50,./templates/recordings/cywg2_misc1/2024-05-17_10-06-50.mp3,.
2024-05-17_10-09-18,./templates/recordings/cywg2_misc1/2024-05-17_10-09-18.mp3," They accept Shirdya, it is Zudu, Zmar-1, Z, Z, Z, K, Z"
2024-05-17_10-09-49,./templates/recordings/cywg2_misc1/2024-05-17_10-09-49.mp3, Thanks for watching!
2024-05-17_10-09-52,./templates/recordings/cywg2_misc1/2024-05-17_10-09-52.mp3," They're for K-3, so just go, Lord."
2024-05-17_10-09-59,./templates/recordings/cywg2_misc1/2024-05-17_10-09-59.mp3," Make your 4Z forward, ZZ."
2024-05-17_10-16-30,./templates/recordings/cywg2_misc1/2024-05-17_10-16-30.mp3," Our church has 110, 2924K."
2024-05-17_10-16-42,./templates/recordings/cywg2_misc1/2024-05-17_10-16-42.mp3," 230, that's 4,000 or behind the person, 1 with 0."
2024-05-23_20-36-12,./templates/recordings/cywg2_misc1/2024-05-23_20-36-12.mp3,.
2024-05-23_20-37-15,./templates/recordings/cywg2_misc1/2024-05-23_20-37-15.mp3," departure of anger 9G, 785"
2024-05-23_20-37-32,./templates/recordings/cywg2_misc1/2024-05-23_20-37-32.mp3," Number 09. Runway, shooting at 8 or downwind. So 170, 3, 3, 6, 0. Run 170, right 3, 50, 9, downwind. Castle perimeter, 660, 8, 5, 3, 3, 9, downwind."
2024-05-23_20-37-45,./templates/recordings/cywg2_misc1/2024-05-23_20-37-45.mp3," 2, 6 is 4, Runte-Kigur-Obega is anyway 31 to 54,000, 1213, 30, 2999999999999999999999999999999999999999999999999999999999999999999999999999999999999999999999999999999999999999999999999999999999999999999999999999999999999999999999999999999999999999999999999999999999999999999999999999999999999999999999999999999999999999999999999999999999999999999999999999999999999999999999999999999999999999999999999999999999999999999999999999999999999999999999999999999999999999999999999999999999"
2024-05-23_20-38-00,./templates/recordings/cywg2_misc1/2024-05-23_20-38-00.mp3," 3D, 0 9, turn right, how you do it? Right, 0 4 5, 8 9. Alpha, come back well, make a contact and end your star 1, 8 5, who..."
2024-05-23_20-38-19,./templates/recordings/cywg2_misc1/2024-05-23_20-38-19.mp3, following 885 on your C.
2024-05-23_20-39-08,./templates/recordings/cywg2_misc1/2024-05-23_20-39-08.mp3," Take a 0 9, send a right, that is 0, 6 0"
2024-05-23_20-39-12,./templates/recordings/cywg2_misc1/2024-05-23_20-39-12.mp3, Thanks for sitting over here now.
2024-05-23_20-42-39,./templates/recordings/cywg2_misc1/2024-05-23_20-42-39.mp3," Good evening, wait a minute, departure with the 4Z for right back in the come out of Runway-1-31, 12500."
2024-05-23_20-42-46,./templates/recordings/cywg2_misc1/2024-05-23_20-42-46.mp3," Roger, 4204, N, expect directly directment of 5 influence 5.6, right speed 360"
2024-05-23_20-42-52,./templates/recordings/cywg2_misc1/2024-05-23_20-42-52.mp3," 1,000 and 630 was 4N."
2024-05-23_20-43-03,./templates/recordings/cywg2_misc1/2024-05-23_20-43-03.mp3," Departure G9. Can we get direct, all but clear backup."
2024-05-23_20-43-04,./templates/recordings/cywg2_misc1/2024-05-23_20-43-04.mp3," Yes, advise."
2024-05-23_20-43-36,./templates/recordings/cywg2_misc1/2024-05-23_20-43-36.mp3," Burt St. Agustiner, huh?"
2024-05-23_20-44-02,./templates/recordings/cywg2_misc1/2024-05-23_20-44-02.mp3, Thanks for watching!
2024-05-23_20-44-07,./templates/recordings/cywg2_misc1/2024-05-23_20-44-07.mp3," Here is our photo, 66F."
2024-05-23_20-44-16,./templates/recordings/cywg2_misc1/2024-05-23_20-44-16.mp3," 6 C, 4 N, turning 0, 6 0"
2024-05-23_20-44-19,./templates/recordings/cywg2_misc1/2024-05-23_20-44-19.mp3, Starmate 030 4045
2024-05-23_20-44-31,./templates/recordings/cywg2_misc1/2024-05-23_20-44-31.mp3,.
2024-05-23_20-44-32,./templates/recordings/cywg2_misc1/2024-05-23_20-44-32.mp3,.
2024-05-23_20-44-33,./templates/recordings/cywg2_misc1/2024-05-23_20-44-33.mp3, You
2024-05-23_20-44-34,./templates/recordings/cywg2_misc1/2024-05-23_20-44-34.mp3, You
2024-05-23_20-44-35,./templates/recordings/cywg2_misc1/2024-05-23_20-44-35.mp3, See you later.
2024-05-23_20-44-37,./templates/recordings/cywg2_misc1/2024-05-23_20-44-37.mp3," Alright, we'll see you later."
2024-05-23_20-44-39,./templates/recordings/cywg2_misc1/2024-05-23_20-44-39.mp3, Cessna Cessna Cessna Cessna Cessna Cessna Cessna Cessna Cessna Cessna Cessna Cessna Cessna Cessna Cessna Cessna Cessna Cessna Cessna Cessna Cessna Cessna Cessna Cessna Cessna Cessna Cessna Cessna Cessna Cessna Cessna Cessna Cessna Cessna Cessna Cessna Cessna Cessna Cessna Cessna Cessna Cessna Cessna Cessna Cessna Cessna Cessna Cessna Cessna Cessna Cessna Cessna Cessna Cessna Cessna Cessna Cessna Cessna Cessna Cessna Cessna Cessna Cessna Cessna Cessna Cessna Cessna Cessna Cessna Cessna Cessna Cessna Cessna Cessna Cessna Cessna Cessna Cessna Cessna Cessna Cessna Cessna Cessna Cessna Cessna Cessna Cessna Cessna Cessna Cessna Cessna Cessna Cessna Cessna Cessna Cessna Cessna Cessna Cessna Cessna Cessna Cessna Cessna Cessna Cessna Cessna Cessna Cessna Cessna Cessna Cessna Cessna Cessna Cessna Cessna Cessna Cessna Cessna Cessna Cessna Cessna Cessna Cessna Cessna Cessna Cessna Cessna Cessna Cessna Cessna Cessna Cessna Cessna Cessna Cessna Cessna Cessna Cessna Cessna Cessna Cessna Cessna Cessna Cessna Cessna Cessna Cessna Cessna Cess
2024-05-23_20-44-44,./templates/recordings/cywg2_misc1/2024-05-23_20-44-44.mp3, S.
2024-05-23_20-44-51,./templates/recordings/cywg2_misc1/2024-05-23_20-44-51.mp3," 3, 4 equals 0, 0, so we'll zero down, call the N-1. Alright."
2024-05-23_20-44-55,./templates/recordings/cywg2_misc1/2024-05-23_20-44-55.mp3,.
2024-05-23_20-45-01,./templates/recordings/cywg2_misc1/2024-05-23_20-45-01.mp3, Thanks for watching.
2024-05-23_20-45-01,./templates/recordings/cywg2_misc1/2024-05-23_20-45-01.mp3, You
2024-05-23_20-45-03,./templates/recordings/cywg2_misc1/2024-05-23_20-45-03.mp3," Line everyone in 8's, good."
2024-05-23_20-45-06,./templates/recordings/cywg2_misc1/2024-05-23_20-45-06.mp3," Cessna D.1 G, N."
2024-05-23_20-45-22,./templates/recordings/cywg2_misc1/2024-05-23_20-45-22.mp3, You
2024-05-23_20-45-23,./templates/recordings/cywg2_misc1/2024-05-23_20-45-23.mp3, We'll see you in the next one.
2024-05-23_20-45-28,./templates/recordings/cywg2_misc1/2024-05-23_20-45-28.mp3," Away from Y, was this 404 run?"
2024-05-23_20-45-33,./templates/recordings/cywg2_misc1/2024-05-23_20-45-33.mp3, Thanks for watching!
2024-05-23_20-45-34,./templates/recordings/cywg2_misc1/2024-05-23_20-45-34.mp3,.
2024-05-23_20-45-35,./templates/recordings/cywg2_misc1/2024-05-23_20-45-35.mp3, That was awesome.
2024-05-23_20-45-36,./templates/recordings/cywg2_misc1/2024-05-23_20-45-36.mp3, Thank you.
2024-05-23_20-45-37,./templates/recordings/cywg2_misc1/2024-05-23_20-45-37.mp3, These are quizzes.
2024-05-23_20-45-38,./templates/recordings/cywg2_misc1/2024-05-23_20-45-38.mp3, Thanks for watching!
2024-05-23_20-45-39,./templates/recordings/cywg2_misc1/2024-05-23_20-45-39.mp3, Thanks for watching.
2024-05-23_20-45-42,./templates/recordings/cywg2_misc1/2024-05-23_20-45-42.mp3, S.P.
2024-05-23_20-45-42,./templates/recordings/cywg2_misc1/2024-05-23_20-45-42.mp3, You
2024-05-23_20-47-39,./templates/recordings/cywg2_misc1/2024-05-23_20-47-39.mp3, Bye bye.
2024-05-23_20-47-40,./templates/recordings/cywg2_misc1/2024-05-23_20-47-40.mp3, This is...
2024-05-23_20-47-42,./templates/recordings/cywg2_misc1/2024-05-23_20-47-42.mp3, Express.
2024-05-23_20-47-49,./templates/recordings/cywg2_misc1/2024-05-23_20-47-49.mp3,.
2024-05-23_20-48-44,./templates/recordings/cywg2_misc1/2024-05-23_20-48-44.mp3,.
2024-05-23_20-48-53,./templates/recordings/cywg2_misc1/2024-05-23_20-48-53.mp3," 4851, let's make the part 30 right or right then. 116000."
2024-05-23_20-48-56,./templates/recordings/cywg2_misc1/2024-05-23_20-48-56.mp3," 516000, downwind 851."
2024-05-23_20-49-20,./templates/recordings/cywg2_misc1/2024-05-23_20-49-20.mp3," 7644, contact ground one right"
2024-05-23_20-49-23,./templates/recordings/cywg2_misc1/2024-05-23_20-49-23.mp3, Turn to southbound 118 6604 so on
2024-05-23_20-49-32,./templates/recordings/cywg2_misc1/2024-05-23_20-49-32.mp3," Nr'they 5'1, Cessna 4B."
2024-05-23_20-49-35,./templates/recordings/cywg2_misc1/2024-05-23_20-49-35.mp3," Start turning you south, state 5-1."
2024-05-23_20-49-40,./templates/recordings/cywg2_misc1/2024-05-23_20-49-40.mp3," Cessna 40A, contact contact on the 6N, when you wait 0."
2024-05-23_20-49-43,./templates/recordings/cywg2_misc1/2024-05-23_20-49-43.mp3," 18 0, we'll be waiting for you for the house"
2024-05-23_20-55-20,./templates/recordings/cywg2_misc1/2024-05-23_20-55-20.mp3, Thanks for watching!
2024-05-23_20-55-24,./templates/recordings/cywg2_misc1/2024-05-23_20-55-24.mp3," One way, we'll do."
2024-05-23_20-55-25,./templates/recordings/cywg2_misc1/2024-05-23_20-55-25.mp3,.
2024-05-23_20-57-42,./templates/recordings/cywg2_misc1/2024-05-23_20-57-42.mp3, This is...
2024-05-23_20-57-43,./templates/recordings/cywg2_misc1/2024-05-23_20-57-43.mp3, Thanks for watching!
2024-05-23_20-57-53,./templates/recordings/cywg2_misc1/2024-05-23_20-57-53.mp3, You
2024-05-23_20-57-54,./templates/recordings/cywg2_misc1/2024-05-23_20-57-54.mp3, Why don't we get another one?
2024-05-23_20-57-57,./templates/recordings/cywg2_misc1/2024-05-23_20-57-57.mp3, Thanks for watching!
2024-05-23_20-58-01,./templates/recordings/cywg2_misc1/2024-05-23_20-58-01.mp3,.
2024-05-23_20-58-33,./templates/recordings/cywg2_misc1/2024-05-23_20-58-33.mp3," C. Lass, create a right that's fighting all Z, sir."
2024-05-23_20-58-39,./templates/recordings/cywg2_misc1/2024-05-23_20-58-39.mp3, Bonderous
2024-05-23_20-58-43,./templates/recordings/cywg2_misc1/2024-05-23_20-58-43.mp3, 776 water.
2024-05-23_20-58-43,./templates/recordings/cywg2_misc1/2024-05-23_20-58-43.mp3, You
2024-05-23_20-58-44,./templates/recordings/cywg2_misc1/2024-05-23_20-58-44.mp3, You
2024-05-23_20-58-47,./templates/recordings/cywg2_misc1/2024-05-23_20-58-47.mp3, Perfect
2024-05-23_20-59-12,./templates/recordings/cywg2_misc1/2024-05-23_20-59-12.mp3, Statistics
2024-05-23_20-59-17,./templates/recordings/cywg2_misc1/2024-05-23_20-59-17.mp3," 3.5, 4.0, 3.1, 4."
2024-05-23_20-59-24,./templates/recordings/cywg2_misc1/2024-05-23_20-59-24.mp3," It's kinda hard to hit by see what effect we're out of, they run wait for me on this 77K, since Twitter QNN control."
2024-05-23_20-59-29,./templates/recordings/cywg2_misc1/2024-05-23_20-59-29.mp3," The Sun Bals, 3900"
2024-05-23_20-59-36,./templates/recordings/cywg2_misc1/2024-05-23_20-59-36.mp3,.
2024-05-23_20-59-39,./templates/recordings/cywg2_misc1/2024-05-23_20-59-39.mp3, Burette
2024-05-23_20-59-41,./templates/recordings/cywg2_misc1/2024-05-23_20-59-41.mp3, Runway
2024-05-23_20-59-46,./templates/recordings/cywg2_misc1/2024-05-23_20-59-46.mp3, BRC day later at NSP
2024-05-23_20-59-50,./templates/recordings/cywg2_misc1/2024-05-23_20-59-50.mp3," Time to have 2 2 0, D, 7, 4 and 4 in B, D, 7."
2024-05-23_21-00-28,./templates/recordings/cywg2_misc1/2024-05-23_21-00-28.mp3," Channel 85C, clear 0xE"
2024-05-23_21-00-30,./templates/recordings/cywg2_misc1/2024-05-23_21-00-30.mp3," Please subscribe, if you'd like to see them."
2024-05-23_21-01-00,./templates/recordings/cywg2_misc1/2024-05-23_21-01-00.mp3, Bye.
2024-05-23_21-01-01,./templates/recordings/cywg2_misc1/2024-05-23_21-01-01.mp3, Cessna 5L3
2024-05-23_21-01-03,./templates/recordings/cywg2_misc1/2024-05-23_21-01-03.mp3," Cessna 7SP, 31C, 32C"
2024-05-23_21-01-04,./templates/recordings/cywg2_misc1/2024-05-23_21-01-04.mp3," Alright, we'll have to make sure that we have to make sure that we have to make sure that we have to make sure that we have to make sure that we have to make sure that we have to make sure that we have to make sure that we have to make sure that we have to make sure that we have to make sure that we have to make sure that we have to make sure that we have to make sure that we have to make sure that we have to make sure that we have to make sure that we have to make sure that we have to make sure that we have to make sure that we have to make sure that we have to make sure that we have to make sure that we have to make sure that we have to make sure that we have to make sure that we have to make sure that we have to make sure that we have to make sure that we have to make sure that we have to make sure that we have to make sure that we have to make sure that we have to make sure that we have to make sure that we have to make sure that we have to make sure that we have to make sure that we have to make sure that we have to make sure that we have to make sure that we have to make sure that we have to make sure that we have to make sure that we have to make sure that we have to make sure that we have to make sure that we have to make sure that we have to make sure that we have to make sure that we have to make sure that we have to make sure that we have to make sure that we have to make sure that we have to make sure that we have to make sure that we have to make sure that we have to make sure that we have to make sure that we have we have to make sure that we have we have to make sure that we have we have we have we have we have we have we have we have we have we have we have we have we have we have we have we have we have we have we have we have we have we have we have we have we have we have we have we have we have we have we have we have we have we have we have we have we"
2024-05-23_21-01-05,./templates/recordings/cywg2_misc1/2024-05-23_21-01-05.mp3, See you later.
2024-05-23_21-01-16,./templates/recordings/cywg2_misc1/2024-05-23_21-01-16.mp3," 3, Cessna 7ika leva vina rahaval vai ri 3 was 7ika 6ika 1, Cessna 7ika lisna vai ri 3 was 7ika 1, Cessna 7ika lisna vai ri 3 was 7ika 1, Cessna 7ika lisna vai ri 3 was 7ika 1, Cessna 7ika lisna vai ri 3 was 7ika 1, Cessna 7ika lisna vai ri 3 was 7ika 1, Cessna 7ika lisna vai ri 3 was 7ika 1, Cessna 7ika lisna vai ri 3 was 7ika 1, Cessna 7ika lisna vai ri 3 was 7ika 1, Cessna 7ika lisna vai ri 3 was 7ika 1, Cessna 7ika lisna vai ri 4, Cessna 7ika lisna vai ri 4, Cessna 7ika lisna vai ri 4, Cessna 7ika lisna vai ri 4, Cessna 7ika lisna vai ri 4, Cessna 7ika lisna vai ri 4, Cessna 7ika lisna vai ri 4, Cessna 7ika lisna vai ri 4, Cessna 7ika lisna vai ri 4, Cessna 7ika lisna vai ri 4, Cessna 7ika lisna vai ri 4, Cessna 7ika lisna vai ri 4, Cessna 7ika lisna vai ri 4, Cessna 7ika lisna vai ri 4, Cessna 7ika lisna vai ri 4, Cessna 7ika lisna vai ri 4, Cessna 7ika lisna vai ri 4, Cessna 7ika lisna vai ri 4, Cessna 7ika"
2024-05-23_21-01-42,./templates/recordings/cywg2_misc1/2024-05-23_21-01-42.mp3," Was it big to be my own 702S, knowing 31, there was 1,8023."
2024-05-23_21-01-49,./templates/recordings/cywg2_misc1/2024-05-23_21-01-49.mp3, I got 0-2 on a later identify 120-level 650 and right rate 660
2024-05-23_21-01-56,./templates/recordings/cywg2_misc1/2024-05-23_21-01-56.mp3," 5 B, 2 3 0 and 5 3 6 0, make not 0 2."
2024-05-23_21-01-58,./templates/recordings/cywg2_misc1/2024-05-23_21-01-58.mp3, Thanks for watching!
2024-05-23_21-02-03,./templates/recordings/cywg2_misc1/2024-05-23_21-02-03.mp3, 785C
2024-05-23_21-04-19,./templates/recordings/cywg2_misc1/2024-05-23_21-04-19.mp3, Thanks for watching.
2024-05-23_21-04-20,./templates/recordings/cywg2_misc1/2024-05-23_21-04-20.mp3, That's why I'm sorry for the flexibility.
2024-05-23_21-04-21,./templates/recordings/cywg2_misc1/2024-05-23_21-04-21.mp3, Cessna 6.
2024-05-23_21-05-22,./templates/recordings/cywg2_misc1/2024-05-23_21-05-22.mp3, for
2024-05-23_21-05-24,./templates/recordings/cywg2_misc1/2024-05-23_21-05-24.mp3,.
2024-05-23_21-05-25,./templates/recordings/cywg2_misc1/2024-05-23_21-05-25.mp3,.
2024-05-23_21-05-26,./templates/recordings/cywg2_misc1/2024-05-23_21-05-26.mp3, Thanks for watching.
2024-05-23_21-05-32,./templates/recordings/cywg2_misc1/2024-05-23_21-05-32.mp3,.
2024-05-23_21-05-32,./templates/recordings/cywg2_misc1/2024-05-23_21-05-32.mp3, What?
2024-05-23_21-05-33,./templates/recordings/cywg2_misc1/2024-05-23_21-05-33.mp3,.
2024-05-23_21-05-38,./templates/recordings/cywg2_misc1/2024-05-23_21-05-38.mp3," Thanks, everyone, 606."
2024-05-23_21-05-44,./templates/recordings/cywg2_misc1/2024-05-23_21-05-44.mp3," Runway squawk, in the big general guidelines on the run, see you later, squawk it in."
2024-05-23_21-06-01,./templates/recordings/cywg2_misc1/2024-05-23_21-06-01.mp3," Runway-Palo Alto Tower, 757, sitting there at 990, 1875, let you know."
2024-05-23_21-06-04,./templates/recordings/cywg2_misc1/2024-05-23_21-06-04.mp3, Thanks for watching!
2024-05-23_21-06-55,./templates/recordings/cywg2_misc1/2024-05-23_21-06-55.mp3," Skyner 850, now below 3,000 to hold final, critical notion is showing."
2024-05-23_21-07-00,./templates/recordings/cywg2_misc1/2024-05-23_21-07-00.mp3," We'll figure out some sequence file for good ones C-1, C-1, C-1."
2024-05-23_21-07-22,./templates/recordings/cywg2_misc1/2024-05-23_21-07-22.mp3, Hard drive 77
2024-05-23_21-07-25,./templates/recordings/cywg2_misc1/2024-05-23_21-07-25.mp3, 767
2024-05-23_21-07-36,./templates/recordings/cywg2_misc1/2024-05-23_21-07-36.mp3, This is possible.
2024-05-23_21-07-37,./templates/recordings/cywg2_misc1/2024-05-23_21-07-37.mp3,.
2024-05-23_21-07-38,./templates/recordings/cywg2_misc1/2024-05-23_21-07-38.mp3, Thanks for watching.
2024-05-23_21-07-38,./templates/recordings/cywg2_misc1/2024-05-23_21-07-38.mp3," Sorry, I'm sorry."
2024-05-23_21-07-40,./templates/recordings/cywg2_misc1/2024-05-23_21-07-40.mp3, You
2024-05-23_21-07-41,./templates/recordings/cywg2_misc1/2024-05-23_21-07-41.mp3, Thanks for watching.
2024-05-23_21-07-42,./templates/recordings/cywg2_misc1/2024-05-23_21-07-42.mp3, You
2024-05-23_21-07-45,./templates/recordings/cywg2_misc1/2024-05-23_21-07-45.mp3, 5.0
2024-05-23_21-07-47,./templates/recordings/cywg2_misc1/2024-05-23_21-07-47.mp3, control.
2024-05-23_21-07-52,./templates/recordings/cywg2_misc1/2024-05-23_21-07-52.mp3, 5 2 and you're a but I'm restricted
2024-05-23_21-07-54,./templates/recordings/cywg2_misc1/2024-05-23_21-07-54.mp3," This is one of the first of Kessna, Satsang."
2024-05-23_21-08-17,./templates/recordings/cywg2_misc1/2024-05-23_21-08-17.mp3," Exactly, see you later"
2024-05-23_21-08-18,./templates/recordings/cywg2_misc1/2024-05-23_21-08-18.mp3," Go, go, go, go, go, go, go, go, go, go, go, go, go, go, go, go, go, go, go, go, go, go, go, go, go, go, go, go, go, go, go, go, go, go, go, go, go, go, go, go, go, go, go, go, go, go, go, go, go, go, go, go, go, go, go, go, go, go, go, go, go, go, go, go, go, go, go, go, go, go, go, go, go, go, go, go, go, go, go, go, go, go, go, go, go, go, go, go, go, go, go, go, go, go, go, go, go, go, go, go, go, go, go, go, go, go, go, go, go, go, go, go, go, go, go, go, go, go, go, go, go, go, go, go, go, go, go, go, go, go, go, go, go, go, go, go, go, go, go, go, go, go, go, go, go, go, go, go, go, go, go, go, go, go, go, go, go, go, go, go, go, go, go, go, go, go, go, go, go, go, go, go, go, go, go, go, go, go, go, go, go, go, go, go, go, go, go, go, go, go, go, go, go, go, go, go, go, go, go, go, go, go, go, go, go, go, go, go, go, go, go, go, go, go, go, go, go, go, go, go, go, go, go,"
2024-05-23_21-08-19,./templates/recordings/cywg2_misc1/2024-05-23_21-08-19.mp3, There is no way to make a decision.
2024-05-23_21-08-28,./templates/recordings/cywg2_misc1/2024-05-23_21-08-28.mp3, You
2024-05-23_21-08-43,./templates/recordings/cywg2_misc1/2024-05-23_21-08-43.mp3, Thanks for watching!
2024-05-23_21-08-46,./templates/recordings/cywg2_misc1/2024-05-23_21-08-46.mp3, Thanks for watching.
2024-05-23_21-08-51,./templates/recordings/cywg2_misc1/2024-05-23_21-08-51.mp3, short turning on the out is 31
2024-05-23_21-08-55,./templates/recordings/cywg2_misc1/2024-05-23_21-08-55.mp3," Alright, now we have to go to the position of 31. Hold your trigger, San Vish."
2024-05-23_21-09-00,./templates/recordings/cywg2_misc1/2024-05-23_21-09-00.mp3," Sir Roger, as we 31, do you lose Sunday 7"
2024-05-23_21-09-09,./templates/recordings/cywg2_misc1/2024-05-23_21-09-09.mp3," Pangna 07, contact Winterboard 1, 3, 4, 4."
2024-05-23_21-09-12,./templates/recordings/cywg2_misc1/2024-05-23_21-09-12.mp3," 34, back guard 07"
2024-05-23_21-09-38,./templates/recordings/cywg2_misc1/2024-05-23_21-09-38.mp3," For D N 0 2, contact 9101X."
2024-05-23_21-09-41,./templates/recordings/cywg2_misc1/2024-05-23_21-09-41.mp3," 4A 0, 6A 0, so good day."
2024-05-23_21-09-42,./templates/recordings/cywg2_misc1/2024-05-23_21-09-42.mp3, Thanks for watching!
2024-05-23_21-13-16,./templates/recordings/cywg2_misc1/2024-05-23_21-13-16.mp3," Thank you for joining us, number 32, this is coming and 3500, hold for it."
2024-05-23_21-13-23,./templates/recordings/cywg2_misc1/2024-05-23_21-13-23.mp3," On course 3204, when we smartish your identity, hold 2-0, turn right, heading 040."
2024-05-23_21-13-28,./templates/recordings/cywg2_misc1/2024-05-23_21-13-28.mp3," Cessna 2 day right, 3 Cessna, but 3 2 0"
2024-05-23_21-13-35,./templates/recordings/cywg2_misc1/2024-05-23_21-13-35.mp3," On course, C0, right turn, heading 0, 4 is your..."
2024-05-23_21-13-38,./templates/recordings/cywg2_misc1/2024-05-23_21-13-38.mp3," 04 Z, 3, 2, 0"
2024-05-23_21-13-54,./templates/recordings/cywg2_misc1/2024-05-23_21-13-54.mp3," Barchets, like 70 contact wind, now they're limited."
2024-05-23_21-13-57,./templates/recordings/cywg2_misc1/2024-05-23_21-13-57.mp3," 31A, 31A, go on in front of you, go on in front of you, go on in front of you, go on in front of you, go on in front of you, go on in front of you, go on in front of you, go on in front of you, go on in front of you, go on in front of you, go on in front of you, go on in front of you, go on in front of you, go on in front of you, go on in front of you, go on in front of you, go on in front of you, go on in front of you, go on in front of you, go on in front of you, go on in front of you, go on in front of you, go on in front of you, go on in front of you, go on in front of you, go on in front of you, go on in front of you, go on in front of you, go on in front of you, go on in front of you, go on in front of you, go on in front of you, go on in front of you, go on in front of you, go on in front of you, go on in front of you, go on in front of you, go on in front of you, go on in front of you, go on in front of you, go on in front of you, go on in front of you, go on in front of you, go on in front of you, go on in front of you, go on in front of you, go on in front of you, go on in front of you, go on in front of you, go on in front of you, go on in front of you, go on in front of you, go on in front of you, go on in front of you, go on in front of you, go on in front of you, go on in front of you, go on in front of you, go on in front of you, go on in front of you, go on in front of you, go on in front of you, go on in front of you"
2024-05-23_21-13-58,./templates/recordings/cywg2_misc1/2024-05-23_21-13-58.mp3, Thanks for watching!
2024-05-23_21-14-21,./templates/recordings/cywg2_misc1/2024-05-23_21-14-21.mp3," on rate of Cessna 4K, right 30 X."
2024-05-23_21-14-24,./templates/recordings/cywg2_misc1/2024-05-23_21-14-24.mp3," 6800, 300"
2024-05-23_21-14-43,./templates/recordings/cywg2_misc1/2024-05-23_21-14-43.mp3," 4K, 3, 204K, just allowed way plane officers."
2024-05-23_21-14-44,./templates/recordings/cywg2_misc1/2024-05-23_21-14-44.mp3, You
2024-05-23_21-14-44,./templates/recordings/cywg2_misc1/2024-05-23_21-14-44.mp3, That's enough for that.
2024-05-23_21-14-45,./templates/recordings/cywg2_misc1/2024-05-23_21-14-45.mp3, Thanks for watching.
2024-05-23_21-14-46,./templates/recordings/cywg2_misc1/2024-05-23_21-14-46.mp3,.
2024-05-23_21-14-50,./templates/recordings/cywg2_misc1/2024-05-23_21-14-50.mp3," So 685, grid 320."
2024-05-23_21-16-07,./templates/recordings/cywg2_misc1/2024-05-23_21-16-07.mp3,.
2024-05-23_21-16-10,./templates/recordings/cywg2_misc1/2024-05-23_21-16-10.mp3, Frieza
2024-05-23_21-18-44,./templates/recordings/cywg2_misc1/2024-05-23_21-18-44.mp3," C04 contact, C1, C, C, 1, 1, 8, 0."
2024-05-23_21-18-47,./templates/recordings/cywg2_misc1/2024-05-23_21-18-47.mp3," One way, sir, I'll switch over to this opening."
2024-05-23_21-18-47,./templates/recordings/cywg2_misc1/2024-05-23_21-18-47.mp3, Thanks for watching!
2024-05-23_21-18-51,./templates/recordings/cywg2_misc1/2024-05-23_21-18-51.mp3," 31, we have lost contact with the tower, with no excuse."
2024-05-23_21-18-54,./templates/recordings/cywg2_misc1/2024-05-23_21-18-54.mp3," One more is point three, thank you. Great had one when we move on."
2024-05-23_21-18-54,./templates/recordings/cywg2_misc1/2024-05-23_21-18-54.mp3, Thanks for watching!
2024-05-23_21-19-49,./templates/recordings/cywg2_misc1/2024-05-23_21-19-49.mp3," One thing about able to sound 8 man 8 Hado X, let's see if third now 9,000. Find a potential 31, let's run right."
2024-05-23_21-19-53,./templates/recordings/cywg2_misc1/2024-05-23_21-19-53.mp3," San Francisco, San Francisco, have lost literally 10, 9, 0"
2024-05-23_21-19-54,./templates/recordings/cywg2_misc1/2024-05-23_21-19-54.mp3, Thanks for watching!
2024-05-23_21-19-55,./templates/recordings/cywg2_misc1/2024-05-23_21-19-55.mp3, Cessna Cessna Cessna Cessna Cessna Cessna Cessna Cessna Cessna Cessna Cessna Cessna Cessna Cessna Cessna Cessna Cessna Cessna Cessna Cessna Cessna Cessna Cessna Cessna Cessna Cessna Cessna Cessna Cessna Cessna Cessna Cessna Cessna Cessna Cessna Cessna Cessna Cessna Cessna Cessna Cessna Cessna Cessna Cessna Cessna Cessna Cessna Cessna Cessna Cessna Cessna Cessna Cessna Cessna Cessna Cessna Cessna Cessna Cessna Cessna Cessna Cessna Cessna Cessna Cessna Cessna Cessna Cessna Cessna Cessna Cessna Cessna Cessna Cessna Cessna Cessna Cessna Cessna Cessna Cessna Cessna Cessna Cessna Cessna Cessna Cessna Cessna Cessna Cessna Cessna Cessna Cessna Cessna Cessna Cessna Cessna Cessna Cessna Cessna Cessna Cessna Cessna Cessna Cessna Cessna Cessna Cessna Cessna Cessna Cessna Cessna Cessna Cessna Cessna Cessna Cessna Cessna Cessna Cessna Cessna Cessna Cessna Cessna Cessna Cessna Cessna Cessna Cessna Cessna Cessna Cessna Cessna Cessna Cessna Cessna Cessna Cessna Cessna Cessna Cessna Cessna Cessna Cessna Cessna Cessna Cessna Cessna Cessna Cess
2024-05-23_21-19-56,./templates/recordings/cywg2_misc1/2024-05-23_21-19-56.mp3, You
2024-05-23_21-20-05,./templates/recordings/cywg2_misc1/2024-05-23_21-20-05.mp3," 787, 6347, 785"
2024-05-23_21-26-44,./templates/recordings/cywg2_misc1/2024-05-23_21-26-44.mp3,.
2024-05-23_21-26-49,./templates/recordings/cywg2_misc1/2024-05-23_21-26-49.mp3," 31, Al F 3,000, 55 squeeze."
2024-05-23_21-26-54,./templates/recordings/cywg2_misc1/2024-05-23_21-26-54.mp3," Cessna 3Y, CZ some file, 8Z."
2024-05-23_21-28-10,./templates/recordings/cywg2_misc1/2024-05-23_21-28-10.mp3," That was external, good evening. Here at the sponsor cross-sixters with the outside the Myanmar flight land is up at the entrance, 2,000, 500, what is being cleared to later correlate with 4,000, 2,000."
2024-05-23_21-28-11,./templates/recordings/cywg2_misc1/2024-05-23_21-28-11.mp3,.
2024-05-23_21-28-16,./templates/recordings/cywg2_misc1/2024-05-23_21-28-16.mp3, across food 4 7 1 5.
2024-05-23_21-28-21,./templates/recordings/cywg2_misc1/2024-05-23_21-28-21.mp3, 4715 and fly 5 on 6G.
2024-05-23_21-28-43,./templates/recordings/cywg2_misc1/2024-05-23_21-28-43.mp3," 6GLS, identified, wait for the altimeter to turn on your agent, climb 4,000, 5 on your own."
2024-05-23_21-28-47,./templates/recordings/cywg2_misc1/2024-05-23_21-28-47.mp3," 280N, request 4500, 5 undershadow, bar N, go ahead and get with the gal"
2024-05-23_21-29-00,./templates/recordings/cywg2_misc1/2024-05-23_21-29-00.mp3," No, the 98M, option just now, hold contact with 25K or what it means."
2024-05-23_21-29-06,./templates/recordings/cywg2_misc1/2024-05-23_21-29-06.mp3," How far the illustration has canceled and will contact our E3, 785."
2024-05-23_21-32-07,./templates/recordings/cywg2_misc1/2024-05-23_21-32-07.mp3," Send a make departure at KZ, 3535, 1,7100 climbing, 4,000 holding a key to partner in 31."
2024-05-23_21-32-10,./templates/recordings/cywg2_misc1/2024-05-23_21-32-10.mp3," Center 5, 3, 3"
2024-05-23_21-32-10,./templates/recordings/cywg2_misc1/2024-05-23_21-32-10.mp3," Alright, that's it, we'll have to make sure that there is no problem with the problem with the problem with the problem with the problem with the problem with the problem with the problem with the problem with the problem with the problem with the problem with the problem with the problem with the problem with the problem with the problem with the problem with the problem with the problem with the problem with the problem with the problem with the problem with the problem with the problem with the problem with the problem with the problem with the problem with the problem with the problem with the problem with the problem with the problem with the problem with the problem with the problem with the problem with the problem with the problem with the problem with the problem with the problem with the problem with the problem with the problem with the problem with the problem with the problem with the problem with the problem with the problem with the problem with the problem with the problem with the problem with the problem with the problem with the problem with the problem with the problem with the problem with the problem with the problem with the problem with the problem with the problem with the problem with the problem with the problem with the problem with the problem with the problem with the problem with the problem with the problem with the problem with the problem with the problem with the problem with the problem with the problem with the problem with the problem with the problem with the problem with the problem with the problem with the problem with the problem with the problem with the problem with the problem with the problem with the problem with the problem with the problem with the problem of the problem of the problem of the problem of the problem of the problem of the problem of the problem of the problem of the problem of the problem of the problem of the problem of the problem of the problem of the problem of the problem of the problem of the problem of the problem of the problem of the problem of the problem of the problem of the problem of the problem of the problem of the problem of the problem of the problem of the problem of the problem of the problem of the problem of the problem of the problem of the problem of the problem of the problem of the problem of the problem of the problem of the problem of the problem of the problem of the problem"
2024-05-23_21-32-11,./templates/recordings/cywg2_misc1/2024-05-23_21-32-11.mp3, Thanks for watching.
2024-05-23_21-32-23,./templates/recordings/cywg2_misc1/2024-05-23_21-32-23.mp3," Cleared of 33N, layer 535. Clear. Left hand are 2N, layer 535."
2024-05-23_21-32-49,./templates/recordings/cywg2_misc1/2024-05-23_21-32-49.mp3," 7, arrival point 65, 7, 6 with 6, 7, as many as 9, 9, 9, 9, 9, 9, 9, 9, 9, 9, 9, 9, 9, 9, 9, 9, 9, 9, 9, 9, 9, 9, 9, 9, 9, 9, 9, 9, 9, 9, 9, 9, 9, 9, 9, 9, 9, 9, 9, 9, 9, 9, 9, 9, 9, 9, 9, 9, 9, 9, 9, 9, 9, 9, 9, 9, 9, 9, 9, 9, 9, 9, 9, 9, 9, 9, 9, 9, 9, 9, 9, 9, 9, 9, 9, 9, 9, 9, 9, 9, 9, 9, 9, 9, 9, 9, 9, 9, 9, 9, 9, 9, 9, 9, 9, 9, 9, 9, 9, 9, 9, 9, 9, 9, 9, 9, 9, 9, 9, 9, 9, 9, 9, 9, 9, 9, 9, 9, 9, 9, 9, 9, 9, 9, 9, 9, 9, 9, 9, 9, 9, 9, 9, 9, 9, 9, 9, 9, 9, 9, 9, 9, 9, 9, 9, 9, 9, 9, 9, 9, 9, 9, 9, 9, 9, 9, 9, 9, 9, 9, 9, 9, 9, 9, 9, 9, 9, 9, 9, 9, 9, 9, 9, 9, 9, 9, 9, 9, 9, 9, 9, 9, 9, 9, 9, 9, 9, 9, 9, 9, 9, 9, 9, 9, 9, 9, 9, 9, 9, 9, 9, 9, 9, 9, 9, 9, 9, 9, 9, 9, 9, 9, 9, 9, 9"
2024-05-23_21-32-56,./templates/recordings/cywg2_misc1/2024-05-23_21-32-56.mp3," Cessna 5 7 C. Ralval, perimeter 29 or 8 9, 7 31, 7 5."
2024-05-23_21-33-00,./templates/recordings/cywg2_misc1/2024-05-23_21-33-00.mp3," 35,000, 31, let's hit 5, 76."
2024-05-23_21-36-07,./templates/recordings/cywg2_misc1/2024-05-23_21-36-07.mp3," Hold on, clear to Bose, 61 we'll wait 0 to C.M. B. down"
2024-05-23_21-36-12,./templates/recordings/cywg2_misc1/2024-05-23_21-36-12.mp3," 6ER, send your discretion, DMR, stay on visit 3M, change other way."
2024-05-23_21-36-18,./templates/recordings/cywg2_misc1/2024-05-23_21-36-18.mp3," frequency and ZNR structure the VFR arrival, contact XN how box through CACL."
2024-05-23_21-36-47,./templates/recordings/cywg2_misc1/2024-05-23_21-36-47.mp3," question 576, cleared our down, Y, 3, 1, south to change."
2024-05-23_21-36-54,./templates/recordings/cywg2_misc1/2024-05-23_21-36-54.mp3," Cessna not RV Y, 31, B, 2, 7, B, C, 1, C, 5, 7, 6."
2024-05-23_21-36-59,./templates/recordings/cywg2_misc1/2024-05-23_21-36-59.mp3," Star 5 C. Brown-Dardt, Runway-Cessna under 1, 32C."
2024-05-23_21-37-01,./templates/recordings/cywg2_misc1/2024-05-23_21-37-01.mp3," One, three."
2024-05-23_21-37-07,./templates/recordings/cywg2_misc1/2024-05-23_21-37-07.mp3," 13, 125, your class."
2024-05-23_21-40-09,./templates/recordings/cywg2_misc1/2024-05-23_21-40-09.mp3, Score at the gate.
2024-05-23_21-40-15,./templates/recordings/cywg2_misc1/2024-05-23_21-40-15.mp3," Right, her name is Arthur Shulis, so she..."
2024-05-23_21-40-17,./templates/recordings/cywg2_misc1/2024-05-23_21-40-17.mp3," Okay, looking, thanks."
2024-05-23_21-41-39,./templates/recordings/cywg2_misc1/2024-05-23_21-41-39.mp3, Thank you.
2024-05-23_21-41-45,./templates/recordings/cywg2_misc1/2024-05-23_21-41-45.mp3," Machine 4, descending 91, Palo Alto Tower, Palo Alto Tower, figure out pretty one."
2024-05-23_21-41-50,./templates/recordings/cywg2_misc1/2024-05-23_21-41-50.mp3," Next follow up with the arrival of Snannar 8N with the mystery one, with the direct uses."
2024-05-23_21-41-53,./templates/recordings/cywg2_misc1/2024-05-23_21-41-53.mp3," I will squirm, direct C2, sit for C."
2024-05-23_21-41-56,./templates/recordings/cywg2_misc1/2024-05-23_21-41-56.mp3, It was sent 5 times.
2024-05-23_21-41-58,./templates/recordings/cywg2_misc1/2024-05-23_21-41-58.mp3, Cessna 5.7
2024-05-23_21-42-53,./templates/recordings/cywg2_misc1/2024-05-23_21-42-53.mp3, Thanks for watching!
2024-05-23_21-42-54,./templates/recordings/cywg2_misc1/2024-05-23_21-42-54.mp3, Bye.
2024-05-23_21-42-55,./templates/recordings/cywg2_misc1/2024-05-23_21-42-55.mp3, Cessna...
2024-05-23_21-42-59,./templates/recordings/cywg2_misc1/2024-05-23_21-42-59.mp3," See, I'll answer 31."
2024-05-23_21-43-05,./templates/recordings/cywg2_misc1/2024-05-23_21-43-05.mp3," Kari go 5 9 U.N. Brahvalal, see what they're at 8 9, 1 8 3 1, 7 5 9."
2024-05-23_21-43-10,./templates/recordings/cywg2_misc1/2024-05-23_21-43-10.mp3," 2,000, 280, this is G'd be this 5 9 7"
2024-05-23_21-43-18,./templates/recordings/cywg2_misc1/2024-05-23_21-43-18.mp3," San Diego Auto Career, is the center in starting to view our line back, we have for the turn out it, change on the ground."
2024-05-23_21-43-25,./templates/recordings/cywg2_misc1/2024-05-23_21-43-25.mp3," Cravalo City, 9X, there is a motto here which here is a stone, so you can see."
2024-05-23_21-43-28,./templates/recordings/cywg2_misc1/2024-05-23_21-43-28.mp3, Thanks for watching!
2024-05-23_21-43-34,./templates/recordings/cywg2_misc1/2024-05-23_21-43-34.mp3," Yeah, the 3T, 5M."
2024-05-23_21-43-39,./templates/recordings/cywg2_misc1/2024-05-23_21-43-39.mp3, Cessna 76
2024-05-23_21-43-43,./templates/recordings/cywg2_misc1/2024-05-23_21-43-43.mp3, hour of electric
2024-05-23_21-43-46,./templates/recordings/cywg2_misc1/2024-05-23_21-43-46.mp3," Sorry, pretty muchified some space."
2024-05-23_21-44-27,./templates/recordings/cywg2_misc1/2024-05-23_21-44-27.mp3, You
2024-05-23_21-44-30,./templates/recordings/cywg2_misc1/2024-05-23_21-44-30.mp3,.
2024-05-23_21-44-36,./templates/recordings/cywg2_misc1/2024-05-23_21-44-36.mp3," Cessna 2HZ, 3HZ, 3HZ, 2HZ, 9HZ, 9HZ"
2024-05-23_21-44-39,./templates/recordings/cywg2_misc1/2024-05-23_21-44-39.mp3," Uh, just train 9, or does his son hate him?"
2024-05-23_21-44-40,./templates/recordings/cywg2_misc1/2024-05-23_21-44-40.mp3," Road, Bali Ningal Krsna."
2024-05-23_21-45-29,./templates/recordings/cywg2_misc1/2024-05-23_21-45-29.mp3, You
2024-05-23_21-45-33,./templates/recordings/cywg2_misc1/2024-05-23_21-45-33.mp3, Stay careful.
2024-05-23_21-45-37,./templates/recordings/cywg2_misc1/2024-05-23_21-45-37.mp3," Okay, we'll pop around when you call in around 6,000, really high."
2024-05-23_21-45-42,./templates/recordings/cywg2_misc1/2024-05-23_21-45-42.mp3," Yeah, about 50 for C.S. or the defender."
2024-05-23_21-45-43,./templates/recordings/cywg2_misc1/2024-05-23_21-45-43.mp3," Alright, sir."
2024-05-23_21-46-15,./templates/recordings/cywg2_misc1/2024-05-23_21-46-15.mp3," Cessna 4, Cessna 3.0, commutative, C, 3.1, needs to establish."
2024-05-23_21-46-20,./templates/recordings/cywg2_misc1/2024-05-23_21-46-20.mp3," Turn that through 31 in decendation, last night for a stop at a 31."
2024-05-23_21-48-33,./templates/recordings/cywg2_misc1/2024-05-23_21-48-33.mp3," And Winnipeg Star, don't give anything again as clear as a song, make sure it was held with Y-level 2500, Y-stop the shine back north on the CFR's wait plan."
2024-05-23_21-48-36,./templates/recordings/cywg2_misc1/2024-05-23_21-48-36.mp3," Copy Joviski, also one if I turn on, fly clear."
2024-05-23_21-48-40,./templates/recordings/cywg2_misc1/2024-05-23_21-48-40.mp3," But hide after some stuff, go to scound"
2024-05-23_21-48-51,./templates/recordings/cywg2_misc1/2024-05-23_21-48-51.mp3," The true wind speed is also identified. Butterfly delta min are C9 or 89, and, or LZ, request a slight..."
2024-05-23_21-48-56,./templates/recordings/cywg2_misc1/2024-05-23_21-48-56.mp3," Geider and we were able to go up to 5,000 for the fly, 6, yeah."
2024-05-23_21-48-59,./templates/recordings/cywg2_misc1/2024-05-23_21-48-59.mp3," XLS, climb 5,05 on."
2024-05-23_21-49-01,./templates/recordings/cywg2_misc1/2024-05-23_21-49-01.mp3," Rather, Father, follow us through schedule."
2024-05-23_21-49-06,./templates/recordings/cywg2_misc1/2024-05-23_21-49-06.mp3, How do you dress 5 9 8 I'm up to 0 2 3 1 2 2 3
2024-05-23_21-49-10,./templates/recordings/cywg2_misc1/2024-05-23_21-49-10.mp3," Here are the Cessna's Zuluth 31, future foundation, Sherky's at 590."
2024-05-23_21-49-14,./templates/recordings/cywg2_misc1/2024-05-23_21-49-14.mp3, Check for contact with a big malware 183
2024-05-23_21-49-16,./templates/recordings/cywg2_misc1/2024-05-23_21-49-16.mp3, Both are already increased in C.
2024-05-23_21-49-16,./templates/recordings/cywg2_misc1/2024-05-23_21-49-16.mp3, Thanks for watching!
2024-05-23_21-54-38,./templates/recordings/cywg2_misc1/2024-05-23_21-54-38.mp3," Charge a 590, contact in straight tower, Runway Street."
2024-05-23_21-54-40,./templates/recordings/cywg2_misc1/2024-05-23_21-54-40.mp3," One X3, Cessna N0."
2024-05-23_21-58-07,./templates/recordings/cywg2_misc1/2024-05-23_21-58-07.mp3," picture with Y on extinct termination, they clear Cessna downwind service terminated, Cessna Cessna."
2024-05-23_21-58-11,./templates/recordings/cywg2_misc1/2024-05-23_21-58-11.mp3," Uh, usually with using Z, right now, with Y."
2024-05-23_21-58-19,./templates/recordings/cywg2_misc1/2024-05-23_21-58-19.mp3," traffic rail, perimeter 671, WZ close, 9Z, 7Z, 7Z, 7Z"
2024-05-23_21-58-24,./templates/recordings/cywg2_misc1/2024-05-23_21-58-24.mp3," We're 611, when it's arrival, I'll fitter 29 or 8 9er. When we're 311, straight go to."
2024-05-23_21-58-26,./templates/recordings/cywg2_misc1/2024-05-23_21-58-26.mp3," There is no one here, go ahead."
2024-05-23_21-58-27,./templates/recordings/cywg2_misc1/2024-05-23_21-58-27.mp3, Thank you.
2024-05-23_21-58-30,./templates/recordings/cywg2_misc1/2024-05-23_21-58-30.mp3, 31. 751.
2024-05-23_21-58-33,./templates/recordings/cywg2_misc1/2024-05-23_21-58-33.mp3," 7, 6, 7, 6, 6"
2024-05-23_22-00-57,./templates/recordings/cywg2_misc1/2024-05-23_22-00-57.mp3,.
2024-05-23_22-01-02,./templates/recordings/cywg2_misc1/2024-05-23_22-01-02.mp3," According to departure, O W C C C C C C C C C C C C C C C C C C C C C C C C C C C C C C C C C C C C C C C C C C C C C C C C C C C C C C C C C C C C C C C C C C C C C C C C C C C C C C C C C C C C C C C C C C C C C C C C C C C C C C C C C C C C C C C C C C C C C C C C C C C C C C C C C C C C C C C C C C C C C C C C C C C C C C C C C C C C C C C C C C C C C C C C C C C C C C C C C C C C C C C C C C C C C C C C C C C C C C C C C C C C C C C C C C C C C C C C C C C C C C C C C C C C C C C C C C C C C C C C C C C C C C C C C C C C C C C C C C C C C C C C C C C C C C C C C C C C C C C C C C C C C C C C C C C C C C C C C C C C C C C C C C C C C C C C C C C C C C C C C C C C C C C C C C C C C C C C C C C C C C C C C C C C C C C C C C C C C C C C C C C C C C C C C C C C C C C C C C C C C C C C C C C C C C C C C C C C C C C C C C C C C C C C C C C C C C C C C C C C C C C C C C C C C C C C C C C C C C C C"
2024-05-23_22-01-08,./templates/recordings/cywg2_misc1/2024-05-23_22-01-08.mp3," 505 with right shared N5, land level 0, turn left short"
2024-05-23_22-01-14,./templates/recordings/cywg2_misc1/2024-05-23_22-01-14.mp3," Alright, one will look 2, 3, 0, among direct scaring was just 0 Mike."
2024-05-23_22-01-31,./templates/recordings/cywg2_misc1/2024-05-23_22-01-31.mp3," Cessna 0 B, roger, and home 77, about 20 minutes, Cessna go reported, moderate your been on track, just south of your is, the west there, 10,000, Cessna, thousands."
2024-05-23_22-01-37,./templates/recordings/cywg2_misc1/2024-05-23_22-01-37.mp3, Hasega for less at 205.
2024-05-23_22-01-47,./templates/recordings/cywg2_misc1/2024-05-23_22-01-47.mp3," 05C, 757, 5N, on the way in to the west, 3, 10,000, the C, 10,000 is tracked, we'll turn miles close, we'll check."
2024-05-23_22-01-52,./templates/recordings/cywg2_misc1/2024-05-23_22-01-52.mp3," Okay, Cessna Mars is over 25."
2024-05-23_22-05-16,./templates/recordings/cywg2_misc1/2024-05-23_22-05-16.mp3, Thanks for watching!
2024-05-23_22-05-20,./templates/recordings/cywg2_misc1/2024-05-23_22-05-20.mp3," Roger, L. S. C. down at 852, the conference is 19 at 8 hurt."
2024-05-23_22-05-26,./templates/recordings/cywg2_misc1/2024-05-23_22-05-26.mp3," Found black by the whole two, zero, sharing right through album."
2024-05-23_22-05-31,./templates/recordings/cywg2_misc1/2024-05-23_22-05-31.mp3," Cessna fellow CZ, turn right go, go look CZ."
2024-05-23_22-05-46,./templates/recordings/cywg2_misc1/2024-05-23_22-05-46.mp3," Cessna 05, C on J, going to make C under 1, 3, 2, C down."
2024-05-23_22-05-49,./templates/recordings/cywg2_misc1/2024-05-23_22-05-49.mp3," 4325, Cessna Cessna Cessna."
2024-05-23_22-05-59,./templates/recordings/cywg2_misc1/2024-05-23_22-05-59.mp3, Thanks for watching!
2024-05-23_22-06-05,./templates/recordings/cywg2_misc1/2024-05-23_22-06-05.mp3," you for that dramatic thousands here, come back and come on in here, have the move or wait three one"
2024-05-23_22-06-11,./templates/recordings/cywg2_misc1/2024-05-23_22-06-11.mp3," Cessna 13 M, we're defending rival while she but there is 29, right 9, let me show you on be clear direct, go with it."
2024-05-23_22-06-15,./templates/recordings/cywg2_misc1/2024-05-23_22-06-15.mp3," Runway to San Eorclospe got cordess, so there's two on three on the back."
2024-05-23_22-06-18,./templates/recordings/cywg2_misc1/2024-05-23_22-06-18.mp3," 320N, transport."
2024-05-23_22-06-20,./templates/recordings/cywg2_misc1/2024-05-23_22-06-20.mp3," Cessna 4Z, I'm losing 2 in 3 my flex."
2024-05-23_22-06-25,./templates/recordings/cywg2_misc1/2024-05-23_22-06-25.mp3," We are 6M on 1, current R now 2, we oppose your main line, load in transition."
2024-05-23_22-06-30,./templates/recordings/cywg2_misc1/2024-05-23_22-06-30.mp3," In fact, we'll clear that down to C-1-1-C. Third one, C-1."
2024-05-23_22-08-24,./templates/recordings/cywg2_misc1/2024-05-23_22-08-24.mp3,.
2024-05-23_22-08-29,./templates/recordings/cywg2_misc1/2024-05-23_22-08-29.mp3, Your cast looks like half-HZ.
2024-05-23_22-09-15,./templates/recordings/cywg2_misc1/2024-05-23_22-09-15.mp3," Run over 1088 with you 19 300 sending 9,000s Romeo were set up for the ILS on 31"
2024-05-23_22-09-22,./templates/recordings/cywg2_misc1/2024-05-23_22-09-22.mp3," How can I have a 280 in the arrival of Snitter's 280, 931, 759."
2024-05-23_22-09-31,./templates/recordings/cywg2_misc1/2024-05-23_22-09-31.mp3," 5,000 right now, that's created."
2024-05-23_22-09-51,./templates/recordings/cywg2_misc1/2024-05-23_22-09-51.mp3," L'Etriginada, clear 9s group, which are my 31, golden transom."
2024-05-23_22-09-56,./templates/recordings/cywg2_misc1/2024-05-23_22-09-56.mp3," Say that, our dad's due to 31, someone in position, two or three, but a like."
2024-05-23_22-10-01,./templates/recordings/cywg2_misc1/2024-05-23_22-10-01.mp3," British 61, contact Winnefkauer with only"
2024-05-23_22-10-03,./templates/recordings/cywg2_misc1/2024-05-23_22-10-03.mp3, I got it on ground 5L
2024-05-23_22-14-10,./templates/recordings/cywg2_misc1/2024-05-23_22-14-10.mp3, Thanks for watching!
2024-05-23_22-14-19,./templates/recordings/cywg2_misc1/2024-05-23_22-14-19.mp3," Cessna Cessna, Runway-Sla-Hair 180. 8S, out of Cessna."
2024-05-23_22-15-24,./templates/recordings/cywg2_misc1/2024-05-23_22-15-24.mp3, No.
2024-05-23_22-15-28,./templates/recordings/cywg2_misc1/2024-05-23_22-15-28.mp3," One, two, three transition."
2024-05-23_22-15-33,./templates/recordings/cywg2_misc1/2024-05-23_22-15-33.mp3," Clear down the 3122, San Cruz, San Carlos, 280"
2024-05-23_22-15-37,./templates/recordings/cywg2_misc1/2024-05-23_22-15-37.mp3," Whether it was nothing, may that contact would have been sour or white juice."
2024-05-23_22-15-40,./templates/recordings/cywg2_misc1/2024-05-23_22-15-40.mp3," 18 today, Sessess can less free but about 8."
2024-05-23_22-15-40,./templates/recordings/cywg2_misc1/2024-05-23_22-15-40.mp3, Thanks for watching!
2024-05-23_22-19-56,./templates/recordings/cywg2_misc1/2024-05-23_22-19-56.mp3, This is...
2024-05-23_22-19-59,./templates/recordings/cywg2_misc1/2024-05-23_22-19-59.mp3, Shae Jeeg Jeeg Jeeg Jeeg Jeeg Jeeg Jeeg Jeeg Jeeg Jeeg Jeeg Jeeg Jeeg Jeeg Jeeg Jeeg Jeeg Jeeg Jeeg Jeeg Jeeg Jeeg Jeeg Jeeg Jeeg Jeeg Jeeg Jeeg Jeeg Jeeg Jeeg Jeeg Jeeg Jeeg Jeeg Jeeg Jeeg Jeeg Jeeg Jeeg Jeeg Jeeg Jeeg Jeeg Jeeg Jeeg Jeeg Jeeg Jeeg Jeeg Jeeg Jeeg Jeeg Jeeg Jeeg Jeeg Jeeg Jeeg Jeeg Jeeg Jeeg Jeeg Jeeg Jeeg Jeeg Jeeg Jeeg Jeeg Jeeg Jeeg Jeeg Jeeg Jeeg Jeeg Jeeg Jeeg Jeeg Jeeg Jeeg Jeeg Jeeg Jeeg Jeeg Jeeg Jeeg Jeeg Jeeg Jeeg Jeeg Jeeg Jeeg Jeeg Jeeg Jeeg Jeeg Jeeg Jeeg Jeeg Jeeg Jeeg Jeeg Jeeg Jeeg Jeeg Jeeg Jeeg Jeeg Jeeg Jeeg Jeeg Jeeg Jeeg Jeeg Jeeg Jeeg Jeeg Jeeg Jeeg Jeeg Jeeg Jeeg Jeeg Jeeg Jeeg Jeeg Jeeg Jeeg Jeeg Jeeg Jeeg Jeeg Jeeg Jeeg Jeeg JeeG
2024-05-23_22-32-52,./templates/recordings/cywg2_misc1/2024-05-23_22-32-52.mp3, Right right right right right right right right right right right right right right right right right right right right right right right right right right right right right right right right right right right right right right right right right right right right right right right right right right right right right right right right right right right right right right right right right right right right right right right right right right right right right right right right right right right right right right right right right right right right right right right right right right right right right right right right right right right right right right right right right right right right right right right right right right right right right right right right right right right right right right right right right right right right right right right right right right right right right right right right right right right right right right right right right right right right right right right right right right right right right right right right right right right right right right right right right right right right right right right right right right right right right right right right right right right right right right right right right right right right right right right right right right right right right right right right right right right right right right right right right right right right right right right right right right right right right right right right right right right right right right right right right right right right right right right right right right right right right right right right right right right right right right right right right right right right right right right right right right right right right right right right right right right right right right right right right right right right right right right right right right right right right right right right right right right right right right right right right right right right right right right right right right right right right right right right right right right right right right right right right right right right right right right right right right right right right right right right right right right right right right right right right right right right right right right right right right right right right right right right right right right right right right right right right right right right right right right right right right right right right right right right right right right right right right right right right right right right right right right right right right right right right right right right right right right right right right
2024-05-23_22-32-57,./templates/recordings/cywg2_misc1/2024-05-23_22-32-57.mp3," Kessna 1663. V, M, S, 4,000, O, S, 8."
2024-05-23_22-33-02,./templates/recordings/cywg2_misc1/2024-05-23_22-33-02.mp3," 2988 2000, C3"
2024-05-23_22-36-04,./templates/recordings/cywg2_misc1/2024-05-23_22-36-04.mp3, 16 63 Cessna 3.
2024-05-23_22-36-07,./templates/recordings/cywg2_misc1/2024-05-23_22-36-07.mp3," We're checking out 3,000 stuff, 6863."
2024-05-23_22-36-22,./templates/recordings/cywg2_misc1/2024-05-23_22-36-22.mp3," 1663, Grand Island, 0 in approach, transition."
2024-05-23_22-36-29,./templates/recordings/cywg2_misc1/2024-05-23_22-36-29.mp3," clear three alexa Zu, 31, B, C, K, 63, thank you."
2024-05-23_22-38-38,./templates/recordings/cywg2_misc1/2024-05-23_22-38-38.mp3, Thanks for watching!
2024-05-23_22-38-47,./templates/recordings/cywg2_misc1/2024-05-23_22-38-47.mp3," There you go, there is about 5,000 have room in you, we request with me on out the end, we run wait a year left."
2024-05-23_22-38-54,./templates/recordings/cywg2_misc1/2024-05-23_22-38-54.mp3," Brush away 5SP crywind and hidden around good air and my 31s, girrus, on ATIS, 755, 1 semirad-JN, 8 8, 1329, E."
2024-05-23_22-39-01,./templates/recordings/cywg2_misc1/2024-05-23_22-39-01.mp3," 7052 988 and we'll congratulate you, 31 Cessna 535"
2024-05-23_22-39-27,./templates/recordings/cywg2_misc1/2024-05-23_22-39-27.mp3," Delta 16 63, can't open a big car when landing through."
2024-05-23_22-39-30,./templates/recordings/cywg2_misc1/2024-05-23_22-39-30.mp3," 63 over the tower, they'll take 8 stations, they're going to... Good night."
2024-05-23_22-41-59,./templates/recordings/cywg2_misc1/2024-05-23_22-41-59.mp3," Question 535, Cessna Cessna 1 3, still half 3, 1, if you prefer, they wait 0, 6, or 12."
2024-05-23_22-42-06,./templates/recordings/cywg2_misc1/2024-05-23_22-42-06.mp3," Okay, we checked out Yalo, we'll stick the 30 on us, we'll appreciate that, we'll appreciate that, we'll show you about Z."
2024-05-23_22-42-10,./templates/recordings/cywg2_misc1/2024-05-23_22-42-10.mp3," Roger, V, 5, I'll get clear on every N3, N3 approach, the use of transition."
2024-05-23_22-42-15,./templates/recordings/cywg2_misc1/2024-05-23_22-42-15.mp3," 535R, 30R now in the H.E. 31 close, you and Y."
2024-05-23_22-46-56,./templates/recordings/cywg2_misc1/2024-05-23_22-46-56.mp3,.
2024-05-23_22-47-00,./templates/recordings/cywg2_misc1/2024-05-23_22-47-00.mp3, Please.
2024-05-23_22-47-03,./templates/recordings/cywg2_misc1/2024-05-23_22-47-03.mp3," 183, Cessna 3300"
2024-05-23_22-48-29,./templates/recordings/cywg2_misc1/2024-05-23_22-48-29.mp3, Thanks for watching!
2024-05-23_22-48-37,./templates/recordings/cywg2_misc1/2024-05-23_22-48-37.mp3," You do have 738 QN, across 71337M."
2024-05-23_22-48-44,./templates/recordings/cywg2_misc1/2024-05-23_22-48-44.mp3," Pleasure time, some 4 have you and figure out the evening running in May 1, 3 crew drink 12 gay December 5,000, half them there's 288"
2024-05-23_22-48-55,./templates/recordings/cywg2_misc1/2024-05-23_22-48-55.mp3," 5,000 GZ moles and C98C, CZ, CZ."
2024-05-23_22-50-15,./templates/recordings/cywg2_misc1/2024-05-23_22-50-15.mp3," When San Drabbo get 8 there can't it'll be 71, place number 191, there's any 91, information can go to CIS, Cessna Runway 168."
2024-05-23_22-50-21,./templates/recordings/cywg2_misc1/2024-05-23_22-50-21.mp3," 31, 3L, Cessna 288, clear that Cessna got it on 5."
2024-05-23_22-50-26,./templates/recordings/cywg2_misc1/2024-05-23_22-50-26.mp3," 6888, direct H.H.C. C.P. 5.0, near Canada, 271."
2024-05-23_22-52-46,./templates/recordings/cywg2_misc1/2024-05-23_22-52-46.mp3," We do 574 clear to Allah, Sweden, near 10 approach, over transition."
2024-05-23_22-52-51,./templates/recordings/cywg2_misc1/2024-05-23_22-52-51.mp3," Okay, if there was a Runway, how on three will be thinned because of Hudson."
2024-05-23_22-53-30,./templates/recordings/cywg2_misc1/2024-05-23_22-53-30.mp3, Thanks for watching!
2024-05-23_22-53-41,./templates/recordings/cywg2_misc1/2024-05-23_22-53-41.mp3," Information Tango, we currently reducing to 280 now, showing me to 250."
2024-05-23_22-53-47,./templates/recordings/cywg2_misc1/2024-05-23_22-53-47.mp3," Kailju, 570, have you ever figure out evening or may one 3L, Cessna 280, just in 5."
2024-05-23_22-53-53,./templates/recordings/cywg2_misc1/2024-05-23_22-53-53.mp3," Cessna 42002988, Cessna 530."
2024-05-23_22-55-19,./templates/recordings/cywg2_misc1/2024-05-23_22-55-19.mp3,.
2024-05-23_22-55-29,./templates/recordings/cywg2_misc1/2024-05-23_22-55-29.mp3," 11.05, 68.9 program, we ask, prepare me for ILS rule of underline."
2024-05-23_22-55-36,./templates/recordings/cywg2_misc1/2024-05-23_22-55-36.mp3," Roger 561, figure out over there are only 13 tangos on the ATIS, 7800, 979."
2024-05-23_22-55-41,./templates/recordings/cywg2_misc1/2024-05-23_22-55-41.mp3," 7,000,000, 2,9, 8, 9, 4, 6, 7."
2024-05-23_22-56-32,./templates/recordings/cywg2_misc1/2024-05-23_22-56-32.mp3," 2574, contact Winnefig Tower on Runway-3."
2024-05-23_22-56-36,./templates/recordings/cywg2_misc1/2024-05-23_22-56-36.mp3," Alright, fix it, they cut you a good heart."
2024-05-23_22-56-52,./templates/recordings/cywg2_misc1/2024-05-23_22-56-52.mp3," And C71 cross, kept you at 3500 about, 3.0 and 1.0, first kept the transition."
2024-05-23_22-56-59,./templates/recordings/cywg2_misc1/2024-05-23_22-56-59.mp3," Kesska 3500K or above, cleared ILS ZR-1, Cessna transitionor C."
2024-05-23_22-57-35,./templates/recordings/cywg2_misc1/2024-05-23_22-57-35.mp3, Thanks for watching!
2024-05-23_22-57-38,./templates/recordings/cywg2_misc1/2024-05-23_22-57-38.mp3," 057 0, fly heading 010, that's your 50."
2024-05-23_22-57-45,./templates/recordings/cywg2_misc1/2024-05-23_22-57-45.mp3," She's heading 01, 0 in Greece, re-exuscant, single thing, 5, 0."
2024-05-23_22-58-12,./templates/recordings/cywg2_misc1/2024-05-23_22-58-12.mp3, It is about 660 75000
2024-05-23_22-58-16,./templates/recordings/cywg2_misc1/2024-05-23_22-58-16.mp3," Cessna, I found it, go to the C-3."
2024-05-23_22-59-01,./templates/recordings/cywg2_misc1/2024-05-23_22-59-01.mp3, Thanks for watching!
2024-05-23_22-59-07,./templates/recordings/cywg2_misc1/2024-05-23_22-59-07.mp3," Cessna 360 handling, KNZ-Z-Z-1"
2024-05-23_22-59-19,./templates/recordings/cywg2_misc1/2024-05-23_22-59-19.mp3, Cessna 570 to 7 3500
2024-05-23_22-59-24,./templates/recordings/cywg2_misc1/2024-05-23_22-59-24.mp3, 56500 sit 570
2024-05-23_22-59-53,./templates/recordings/cywg2_misc1/2024-05-23_22-59-53.mp3,.
2024-05-23_22-59-59,./templates/recordings/cywg2_misc1/2024-05-23_22-59-59.mp3," Right 030, E, Skyset 5000"
2024-05-23_23-00-59,./templates/recordings/cywg2_misc1/2024-05-23_23-00-59.mp3," Crazier 50, turn your name 045."
2024-05-23_23-01-03,./templates/recordings/cywg2_misc1/2024-05-23_23-01-03.mp3," 0453, starting in 5s"
2024-05-23_23-01-23,./templates/recordings/cywg2_misc1/2024-05-23_23-01-23.mp3, Thank you.
2024-05-23_23-01-26,./templates/recordings/cywg2_misc1/2024-05-23_23-01-26.mp3, Because...
2024-05-23_23-01-31,./templates/recordings/cywg2_misc1/2024-05-23_23-01-31.mp3," Sitting 10, 3,000, 530"
2024-05-23_23-01-34,./templates/recordings/cywg2_misc1/2024-05-23_23-01-34.mp3, Thanks for watching!
2024-05-23_23-01-37,./templates/recordings/cywg2_misc1/2024-05-23_23-01-37.mp3, You
2024-05-23_23-01-41,./templates/recordings/cywg2_misc1/2024-05-23_23-01-41.mp3," 1302 Reol, it comes to final, we have Hasey."
2024-05-23_23-02-13,./templates/recordings/cywg2_misc1/2024-05-23_23-02-13.mp3, Thanks for watching!
2024-05-23_23-02-18,./templates/recordings/cywg2_misc1/2024-05-23_23-02-18.mp3," Search through straight now, let's see what we approach into."
2024-05-23_23-02-24,./templates/recordings/cywg2_misc1/2024-05-23_23-02-24.mp3," Roger, continue on landing clear to the onway, Z, Z, Z, by Z."
2024-05-23_23-02-27,./templates/recordings/cywg2_misc1/2024-05-23_23-02-27.mp3," Recessive C71, head up and effect C1 when AC."
2024-05-23_23-02-29,./templates/recordings/cywg2_misc1/2024-05-23_23-02-29.mp3," Monday, 33, a Cessna 1 today."
2024-05-23_23-02-30,./templates/recordings/cywg2_misc1/2024-05-23_23-02-30.mp3," Guru,"
2024-05-23_23-02-36,./templates/recordings/cywg2_misc1/2024-05-23_23-02-36.mp3, Thanks for watching!
2024-05-23_23-02-42,./templates/recordings/cywg2_misc1/2024-05-23_23-02-42.mp3," 300, 50, 650"
2024-05-23_23-04-04,./templates/recordings/cywg2_misc1/2024-05-23_23-04-04.mp3," Caius Baxford 6, straightease to 190."
2024-05-23_23-04-08,./templates/recordings/cywg2_misc1/2024-05-23_23-04-08.mp3," Register 20 on the call, C P C."
2024-05-23_23-04-51,./templates/recordings/cywg2_misc1/2024-05-23_23-04-51.mp3," Roger 5' 6' turn 80, 5' 0 to 7' 3'000."
2024-05-23_23-04-55,./templates/recordings/cywg2_misc1/2024-05-23_23-04-55.mp3, Right 050 Cessna 30056
2024-05-23_23-04-59,./templates/recordings/cywg2_misc1/2024-05-23_23-04-59.mp3," Cauchy just 570, plan backwind to pick Star 1, make sure."
2024-05-23_23-05-02,./templates/recordings/cywg2_misc1/2024-05-23_23-05-02.mp3," 718, 718, 6.7, 0, thank you."
2024-05-23_23-05-03,./templates/recordings/cywg2_misc1/2024-05-23_23-05-03.mp3, Cool
2024-05-23_23-05-18,./templates/recordings/cywg2_misc1/2024-05-23_23-05-18.mp3," 3565, turn ahead in 100"
2024-05-23_23-05-23,./templates/recordings/cywg2_misc1/2024-05-23_23-05-23.mp3, What 030? That's good.
2024-05-23_23-05-52,./templates/recordings/cywg2_misc1/2024-05-23_23-05-52.mp3," Roger, 76, follow 1 0 0, heading clear and assess straight mile of C, we're approaching 1 C."
2024-05-23_23-05-59,./templates/recordings/cywg2_misc1/2024-05-23_23-05-59.mp3," So, Monday, Road 1, Cessna, Runa, to Mpne, Z, K, Z, C."
2024-05-23_23-06-02,./templates/recordings/cywg2_misc1/2024-05-23_23-06-02.mp3," K, 566, K, 0, N."
2024-05-23_23-06-06,./templates/recordings/cywg2_misc1/2024-05-23_23-06-06.mp3," They try a lot of the 1, the 1, 300 for that taxi."
2024-05-23_23-06-49,./templates/recordings/cywg2_misc1/2024-05-23_23-06-49.mp3," Which has been 5, 3, 8, 8, 8, 9, 7, 9, 9, 9, 8, 8, 8, 8, 8, 8, 8, 8, 8, 8, 8, 8, 8, 8, 8, 8, 8, 8, 8, 8, 8, 8, 8, 8, 8, 8, 8, 8, 8, 8, 8, 8, 8, 8, 8, 8, 8, 8, 8, 8, 8, 8, 8, 8, 8, 8, 8, 8, 8, 8, 8, 8, 8, 8, 8, 8, 8, 8, 8, 8, 8, 8, 8, 8, 8, 8, 8, 8, 8, 8, 8, 8, 8, 8, 8, 8, 8, 8, 8, 8, 8, 8, 8, 8, 8, 8, 8, 8, 8, 8, 8, 8, 8, 8, 8, 8, 8, 8, 8, 8, 8, 8, 8, 8, 8, 8, 8, 8, 8, 8, 8, 8, 8, 8, 8, 8, 8, 8, 8, 8, 8, 8, 8, 8, 8, 8, 8, 8, 8, 8, 8, 8, 8, 8, 8, 8, 8, 8, 8, 8, 8, 8, 8, 8, 8, 8, 8, 8, 8, 8, 8, 8, 8, 8, 8, 8, 8, 8, 8, 8, 8, 8, 8, 8, 8, 8, 8, 8, 8, 8, 8, 8, 8, 8, 8, 8, 8, 8, 8, 8, 8, 8, 8, 8, 8, 8, 8, 8, 8, 8, 8, 8, 8, 8, 8, 8, 8, 8, 8, 8, 8, 8, 8, 8, 8, 8, 8, 8, 8, 8, 8, 8"
2024-05-23_23-06-56,./templates/recordings/cywg2_misc1/2024-05-23_23-06-56.mp3," 3, 7, 280, uniform 7, 8, assistance 7,000"
2024-05-23_23-07-01,./templates/recordings/cywg2_misc1/2024-05-23_23-07-01.mp3," Here in Ray 1, 3 check here 45700, wind 575."
2024-05-23_23-07-05,./templates/recordings/cywg2_misc1/2024-05-23_23-07-05.mp3," Shatbassen in sight, you can climb a short year there, Cessna, visible, see right."
2024-05-23_23-07-09,./templates/recordings/cywg2_misc1/2024-05-23_23-07-09.mp3, We'll take straight down and switch first of us.
2024-05-23_23-07-11,./templates/recordings/cywg2_misc1/2024-05-23_23-07-11.mp3,.
2024-05-23_23-07-14,./templates/recordings/cywg2_misc1/2024-05-23_23-07-14.mp3," straight down, a wish press of us"
2024-05-23_23-07-33,./templates/recordings/cywg2_misc1/2024-05-23_23-07-33.mp3, There is no way to make a decision.
2024-05-23_23-07-35,./templates/recordings/cywg2_misc1/2024-05-23_23-07-35.mp3,.
2024-05-23_23-07-36,./templates/recordings/cywg2_misc1/2024-05-23_23-07-36.mp3,.
2024-05-23_23-07-38,./templates/recordings/cywg2_misc1/2024-05-23_23-07-38.mp3, Cessna
2024-05-23_23-11-14,./templates/recordings/cywg2_misc1/2024-05-23_23-11-14.mp3," We're Cifac Lefan period on agreeing Yirranth, here for your first down transition."
2024-05-23_23-11-19,./templates/recordings/cywg2_misc1/2024-05-23_23-11-19.mp3," For the Hadi 8, 313 downwind short of the vis."
2024-05-23_23-15-42,./templates/recordings/cywg2_misc1/2024-05-23_23-15-42.mp3, Thanks for watching!
2024-05-23_23-15-45,./templates/recordings/cywg2_misc1/2024-05-23_23-15-45.mp3, Thank you.
2024-05-23_23-15-48,./templates/recordings/cywg2_misc1/2024-05-23_23-15-48.mp3," C2E, bush about C, so..."
2024-05-23_23-23-03,./templates/recordings/cywg2_misc1/2024-05-23_23-23-03.mp3," It's year 20, Cessna 702, 704, 4."
2024-05-23_23-23-04,./templates/recordings/cywg2_misc1/2024-05-23_23-23-04.mp3,.
2024-05-23_23-23-05,./templates/recordings/cywg2_misc1/2024-05-23_23-23-05.mp3, Thanks for watching!
2024-05-23_23-23-10,./templates/recordings/cywg2_misc1/2024-05-23_23-23-10.mp3," C0 at 4,000 Cm S1"
2024-05-23_23-23-15,./templates/recordings/cywg2_misc1/2024-05-23_23-23-15.mp3," C C C 0, 4,000 C C C C 0, about 1 star C C C."
2024-05-23_23-29-08,./templates/recordings/cywg2_misc1/2024-05-23_23-29-08.mp3," Mr. Cessna 070, Connect Runway, San Herr Runway, 0."
2024-05-23_23-29-11,./templates/recordings/cywg2_misc1/2024-05-23_23-29-11.mp3," 18 0, morning Cessna 0 Cessna"
2024-05-23_23-35-21,./templates/recordings/cywg2_misc1/2024-05-23_23-35-21.mp3," Let's make a rally good point. We just do one, six out, six out, nine w, s, one, three, this way, one, three, one, three."
2024-05-23_23-35-27,./templates/recordings/cywg2_misc1/2024-05-23_23-35-27.mp3," There is quite a bit of an investigation to figure out when they went straight up some very 298 third group you'd go and you just had 4,000."
2024-05-23_23-35-33,./templates/recordings/cywg2_misc1/2024-05-23_23-35-33.mp3," See you at the right close to 69, Z 4L, 3L, 4L, 7"
2024-05-23_23-35-43,./templates/recordings/cywg2_misc1/2024-05-23_23-35-43.mp3," Who is this part, your flander of your wet ready to send 4."
2024-05-23_23-35-46,./templates/recordings/cywg2_misc1/2024-05-23_23-35-46.mp3," And that is a Cessna vice, Cessna Cessna vice."
2024-05-23_23-36-16,./templates/recordings/cywg2_misc1/2024-05-23_23-36-16.mp3,.
2024-05-23_23-36-18,./templates/recordings/cywg2_misc1/2024-05-23_23-36-18.mp3, Thanks for watching!
2024-05-23_23-36-20,./templates/recordings/cywg2_misc1/2024-05-23_23-36-20.mp3,.
2024-05-23_23-39-41,./templates/recordings/cywg2_misc1/2024-05-23_23-39-41.mp3," Right, arrivals, Cessna 76, 9001, Cessna 0001"
2024-05-23_23-39-46,./templates/recordings/cywg2_misc1/2024-05-23_23-39-46.mp3," N, if H, I want to figure out where my 13th occurred, Z, 4th, here, decent 4,000 on C, 8, 8."
2024-05-23_23-39-49,./templates/recordings/cywg2_misc1/2024-05-23_23-39-49.mp3," You're okay, San Joseline"
2024-05-23_23-39-55,./templates/recordings/cywg2_misc1/2024-05-23_23-39-55.mp3," Cessna DSP, 1 C."
2024-05-23_23-39-57,./templates/recordings/cywg2_misc1/2024-05-23_23-39-57.mp3," NME-1, Cessna 716"
2024-05-23_23-40-02,./templates/recordings/cywg2_misc1/2024-05-23_23-40-02.mp3," Was your 4.0 back to in final out our Cessna fast, official approach and increase."
2024-05-23_23-40-10,./templates/recordings/cywg2_misc1/2024-05-23_23-40-10.mp3, So in the final cycle I'll touch the tower 508.
2024-05-23_23-42-51,./templates/recordings/cywg2_misc1/2024-05-23_23-42-51.mp3, Who just close their front end of that climb back home and take care of what's main street.
2024-05-23_23-42-55,./templates/recordings/cywg2_misc1/2024-05-23_23-42-55.mp3," Region 3, I will be taxi, so hold clear."
2024-05-23_23-42-56,./templates/recordings/cywg2_misc1/2024-05-23_23-42-56.mp3, Suki sis.
2024-05-23_23-43-03,./templates/recordings/cywg2_misc1/2024-05-23_23-43-03.mp3, We'll be back in a second.
2024-05-23_23-43-09,./templates/recordings/cywg2_misc1/2024-05-23_23-43-09.mp3," So, south final, turn final out of Cessna, Cessna, visual protection Y-C."
2024-05-23_23-43-15,./templates/recordings/cywg2_misc1/2024-05-23_23-43-15.mp3," 861, 6000, 716."
2024-05-23_23-43-22,./templates/recordings/cywg2_misc1/2024-05-23_23-43-22.mp3, 785
2024-05-23_23-43-23,./templates/recordings/cywg2_misc1/2024-05-23_23-43-23.mp3, Thank you.
2024-05-23_23-47-36,./templates/recordings/cywg2_misc1/2024-05-23_23-47-36.mp3," based on why not alpha 2 to 6, now see."
2024-05-23_23-47-40,./templates/recordings/cywg2_misc1/2024-05-23_23-47-40.mp3," Turn RK-51, 50 RSP"
2024-05-23_23-47-42,./templates/recordings/cywg2_misc1/2024-05-23_23-47-42.mp3," N51 contact going to Fick Tower, and make see."
2024-05-23_23-47-45,./templates/recordings/cywg2_misc1/2024-05-23_23-47-45.mp3, Hold when I say San Jose
2024-05-23_23-51-12,./templates/recordings/cywg2_misc1/2024-05-23_23-51-12.mp3," Oh, it said 236, what are you sending through, 127, number 9, we got you 4 7 9 9 8 8 8 8 8 8 8 8 8 8 8 8 8 8 8 8 8 8 8 8 8 8 8 8 8 8 8 8 8 8 8 8 8 8 8 8 8 8 8 8 8 8 8 8 8 8 8 8 8 8 8 8 8 8 8 8 8 8 8 8 8 8 8 8 8 8 8 8 8 8 8 8 8 8 8 8 8 8 8 8 8 8 8 8 8 8 8 8 8 8 8 8 8 8 8 8 8 8 8 8 8 8 8 8 8 8 8 8 8 8 8 8 8 8 8 8 8 8 8 8 8 8 8 8 8 8 8 8 8 8 8 8 8 8 8 8 8 8 8 8 8 8 8 8 8 8 8 8 8 8 8 8 8 8 8 8 8 8 8 8 8 8 8 8 8 8 8 8 8 8 8 8 8 8 8 8 8 8 8 8 8 8 8 8 8 8 8 8 8 8 8 8 8 8 8 8 8 8 8 8 8 8 8 8 8 8 8 8 8 8 8 8 8 8 8 8 8 8 8 8 8 8 8 8 8 8 8 8 8 8 8 8 8 8 8 8 8 8 8 8 8 8 8 8 8 8 8 8 8 8 8 8 8 8 8 8 8 8 8 8 8 8 8 8 8 8 8 8 8 8 8 8 8 8 8 8 8 8 8 8 8 8 8 8 8 8 8 8 8 8 8 8 8 8 8 8 8 8 8 8 8 8 8 8 8 8 8 8 8 8 8 8 8 8 8 8 8 8 8 8 8 8 8 8 8 8 8 8 8 8 8 8 8 8 8 8 8 8 8 8 8 8 8 8 8 8 8 8 8 8 8 8 8 8 8 8 8 8 8 8 8 8 8 8 8 8 8 8 8 8 8 8 8 8 8 8 8 8 8 8 8 8 8 8 8 8 8 8 8 8 8 8 8 8 8 8 8 8 8 8 8 8 8 8 8 8 8 8 8 8 8 8 8 8 8 8 8 8 8 8 8 8"
2024-05-23_23-51-15,./templates/recordings/cywg2_misc1/2024-05-23_23-51-15.mp3, Thanks for watching!
2024-05-23_23-51-24,./templates/recordings/cywg2_misc1/2024-05-23_23-51-24.mp3," She then waited. 5,788, was set to 36."
2024-05-23_23-51-28,./templates/recordings/cywg2_misc1/2024-05-23_23-51-28.mp3," Special QC, C D P 30G, down above. 8."
2024-05-23_23-51-32,./templates/recordings/cywg2_misc1/2024-05-23_23-51-32.mp3, Go Go Go Go
2024-05-23_23-51-34,./templates/recordings/cywg2_misc1/2024-05-23_23-51-34.mp3," Worship 2C, clear just follow your G-1 angle."
2024-05-23_23-51-36,./templates/recordings/cywg2_misc1/2024-05-23_23-51-36.mp3, Technology is going to be able to see 66.
2024-05-23_23-53-41,./templates/recordings/cywg2_misc1/2024-05-23_23-53-41.mp3," Master TV, Sir, finish TV."
2024-05-23_23-53-44,./templates/recordings/cywg2_misc1/2024-05-23_23-53-44.mp3," We're in N, C, 2, is it?"
2024-05-23_23-53-48,./templates/recordings/cywg2_misc1/2024-05-23_23-53-48.mp3," Bessett, 236th gradan, upwind 0N, first of all, the transition."
2024-05-23_23-53-52,./templates/recordings/cywg2_misc1/2024-05-23_23-53-52.mp3," They are the T-1, to your follow its position, 1736."
2024-05-23_23-57-06,./templates/recordings/cywg2_misc1/2024-05-23_23-57-06.mp3," Like America Around Will Turn Right Run, 2 G on my spell, land a Z around 1 3 without the dual flight."
2024-05-23_23-57-11,./templates/recordings/cywg2_misc1/2024-05-23_23-57-11.mp3," 765, 0N, 31, Curricna goes in 4,000, 3388."
2024-05-23_23-57-17,./templates/recordings/cywg2_misc1/2024-05-23_23-57-17.mp3," Sudhir, mile 0 to 0 4.0, Shadar, E, C, S, N, R, S, C, S, C, S, C, S, C, S, C, S, C, S, C, S, C, S, C, S, C, S, C, S, C, S, C, S, C, S, C, S, C, S, C, C, C, C, C, C, C, C, C, C, C, C, C, C, C, C, C, C, C, C, C, C, C, C, C, C, C, C, C, C, C, C, C, C, C, C, C, C, C, C, C, C, C, C, C, C, C, C, C, C, C, C, C, C, C, C, C, C, C, C, C, C, C, C, C, C, C, C, C, C, C, C, C, C, C, C, C, C, C, C, C, C, C, C, C, C, C, C, C, C, C, C, C, C, C, C, C, C, C, C, C, C, C, C, C, C, C, C, C, C, C, C, C, C, C, C, C, C, C, C, C, C, C, C, C, C, C, C, C, C, C, C, C, C, C, C, C, C, C, C, C, C, C, C, C, C, C, C, C, C, C, C, C, C, C, C, C, C, C, C, C, C, C, C, C, C, C, C, C, C, C, C, C, C, C, C, C,"
2024-05-23_23-58-34,./templates/recordings/cywg2_misc1/2024-05-23_23-58-34.mp3," Master 236, on that run of H-1, M-8."
2024-05-23_23-58-36,./templates/recordings/cywg2_misc1/2024-05-23_23-58-36.mp3, See you during the C-C
2024-05-24_00-02-13,./templates/recordings/cywg2_misc1/2024-05-24_00-02-13.mp3," When I'm back good evening, why don't you say 13 comes in three to the left spot for 9,000, we are on a heading. For weather, direct out flight when able, probably another a few miles, and we have uniform, we're all set up for the R now, D.I.K., let's 13 come in."
2024-05-24_00-02-18,./templates/recordings/cywg2_misc1/2024-05-24_00-02-18.mp3," Bush 13 63, we have to figure out good evening 13 Y, 788 C, 888 C, 888 C, 888 C, 888 C, 888 C, 888 C, 888 C, 888 C, 888 C, 888 C, 888 C, 888 C, 888 C, 888 C, 888 C, 888 C, 888 C, 888 C, 888 C, 888 C, 888 C, 888 C, 888 C, 888 C, 888 C, 888 C, 888 C, 888 C, 888 C, 888 C, 888 C, 888 C, 888 C, 888 C, 888 C, 888 C, 888 C, 888 C, 888 C, 888 C, 888 C, 888 C, 888 C, 888 C, 888 C, 888 C, 888 C, 888 C, 888 C, 888 C, 888 C, 888 C, 888 C, 888 C, 888 C, 888 C, 888 C, 888 C, 888 C, 888 C, 888 C, 888 C, 888 C, 888 C, 888 C, 888 C, 888 C, 888 C, 888 C, 888 C, 888 C, 888 C, 888 C, 888 C, 888 C, 888 C, 888 C, 888 C, 888 C, 888 C, 888 C, 888 C, 888 C, 888 C, 888 C, 888 C, 888 C, 888 C, 888 C, 888 C, 888 C, 888 C, 888 C, 888 C, 888 C, 888 C, 888 C, 888 C, 888 C, 888 C, 888 C, 888 C, 888 C, 888 C, 888 C, 888 C, 888 C,"
2024-05-24_00-02-20,./templates/recordings/cywg2_misc1/2024-05-24_00-02-20.mp3," 6,000, 1 Cessna 63"
2024-05-24_00-02-29,./templates/recordings/cywg2_misc1/2024-05-24_00-02-29.mp3," Special PG-53, they left take control of our spirit, go to our voltage, Cessna, or well, let me identify, prefer that, or if you go down, please."
2024-05-24_00-02-34,./templates/recordings/cywg2_misc1/2024-05-24_00-02-34.mp3," No, that don't work, too, direct vogation."
2024-05-24_00-02-36,./templates/recordings/cywg2_misc1/2024-05-24_00-02-36.mp3," Mysho 360-31, able to address focus."
2024-05-24_00-02-39,./templates/recordings/cywg2_misc1/2024-05-24_00-02-39.mp3," 6 follow N, C, 13, 3"
2024-05-24_00-02-47,./templates/recordings/cywg2_misc1/2024-05-24_00-02-47.mp3," We'll land guard 9, click the shoe, love the south, 600 cleared 9, we have 8 a 4, man, we'll let C, the visual 13."
2024-05-24_00-02-50,./templates/recordings/cywg2_misc1/2024-05-24_00-02-50.mp3, Thank you.
2024-05-24_00-02-50,./templates/recordings/cywg2_misc1/2024-05-24_00-02-50.mp3," Thanks for watching, and I'll see you in the next video."
2024-05-24_00-02-51,./templates/recordings/cywg2_misc1/2024-05-24_00-02-51.mp3,.
2024-05-24_00-02-52,./templates/recordings/cywg2_misc1/2024-05-24_00-02-52.mp3,.
2024-05-24_00-02-53,./templates/recordings/cywg2_misc1/2024-05-24_00-02-53.mp3,.
2024-05-24_00-02-54,./templates/recordings/cywg2_misc1/2024-05-24_00-02-54.mp3,.
2024-05-24_00-02-56,./templates/recordings/cywg2_misc1/2024-05-24_00-02-56.mp3, Thank you.
2024-05-24_00-02-57,./templates/recordings/cywg2_misc1/2024-05-24_00-02-57.mp3," Mr. Hulston, thank you."
2024-05-24_00-02-59,./templates/recordings/cywg2_misc1/2024-05-24_00-02-59.mp3,.
2024-05-24_00-03-02,./templates/recordings/cywg2_misc1/2024-05-24_00-03-02.mp3, And 8 Cessna.
2024-05-24_00-03-18,./templates/recordings/cywg2_misc1/2024-05-24_00-03-18.mp3," Cessna 9, clear address will be."
2024-05-24_00-03-21,./templates/recordings/cywg2_misc1/2024-05-24_00-03-21.mp3, The advance is cross-mokey.
2024-05-24_00-03-37,./templates/recordings/cywg2_misc1/2024-05-24_00-03-37.mp3, I don't want to say what just 1353 is to rest over H.
2024-05-24_00-03-38,./templates/recordings/cywg2_misc1/2024-05-24_00-03-38.mp3, pressures.
2024-05-29_23-52-25,./templates/recordings/cywg2_misc1/2024-05-29_23-52-25.mp3,.
2024-05-29_23-52-35,./templates/recordings/cywg2_misc1/2024-05-29_23-52-35.mp3,.
